raw_name,price_kes
2000D-DC 18-55,49999
R100-18-55 Travel kit,64999
R100 Dual lenses,91999
R50V kit 14-30m,86999
R50V Body,77999
R50 kit 18-45,82999
R50 Dual Lens,106999
R50 cont creator,91999
R5 m2 Kit 24-105L,514999
R8 Body,148999
R8 kit 24-50mm,159999
R8 kit 24-105mm,173999
R7 Kit 18-150mm,177999
R7 Body,138999
RP+RF 24-105,124999
5D Kit 24-105 USM,306999
5D Body,194999
R6 BODY,174999
R6 24-105 STM,234999
R6 Body mark3,314999
XA60B,139999
C50 Body Video,454999
10-18 mm,39999
16mm,39999
24-105 USM,139999
50mm1.8 Stm,28999
35MM1.8,58999
24-105 STM,57999
24-70 2.8 USM,254999
85MM 1.8F2,73999
70-200 F2.8 USM,274999
70-200 F4L USM,184999
75-300 F4-5.6,38999
100-500 MM,299999
10-18 Stm,29999
50mm1.8,18999
75-300mm,29999
DJI OSMO MOBILE 6,16499
DJI OSMO ACTION 6,66999
DJI POCKET 3 STAND,56999
DIJ POCKET 3 COMBO,72999
DJI POCKET 4 COMBO,82999
DJI OSMO MOBILE 8,22999
DJI OSMO MOBILE 8p combo,27499
DJI OSMO MOBILE 8P-Device only,24999
GoPro 13 battery,7999
GoPro 12 bettery +char,13999
GoPro 9-13 Housing,12999
Insta 360 X5 camera,61999
Insta 360 Go3 128 GB,44999
Insta 360 Go ultra Standard,53999
Insta 360 Go ultra G/combo,61999
Insta 360 X3 battery,7999
Insta 360 extended stick,14999
Insta 360 stick 114C,6999
ZV-E10,84999
A6400M 18-135M,147999
A6400 16-50MM,105999
A6700 18-135mm,204999
A6700 Body,159999
A 7M4K 28-70MM,264999
A 7M4 Body,229999
HXR-N800,344999
Lens 24-105MM,106999
Lens 50mm 1.8,32999
D7500 18-140mm,115999
D780 Body,239999
Z30,89999
DJI MIC 3,42999
DJI MIC 2,35999
DJI MIC MINI2,18999
DJI MIC MINI,15999
Hollyland lark M2,15499
Hollyland Lark M2S,17999
Hollyland Lark M2S COM,18999
RODE WIRELESS ME,28999
RODE WIRELESS PRO,42999
RODE INTERVIEW GO,6999
BOYA BM2021,5499
MIC DGM20,7999
MIC PD200XS,11999
MIC PD 400X,14999
MIC DM40 pro,10999
MIC MH601,9999
MIC BA37,8999
MIC BA92,9999
MIC PD200WT,13499
MIC T5 PA3,15499
AUDIO AMEZA,17999
AUDIO G1 NEO,10499
AUDIO E2 GEN2,14999
32 GB SD,2499
64 GB SD,3499
128 GB SD,5499
64 GB,5499
128 GB,7999
64GB SD (2),5499
128GB SD (2),7999
256GB SD,10999
64GB Mirco,3999
128GB Micro,6499
256GB micro,10999
43S20M2,59999
50S20m2,67999
55-S20,84999
55-S30,105999
65S20M2,129999
65-S30M3,139999
85-S30,299999
43A4,27999
55A6K,47999
55U6K,57999
65U6,77999
65A6,73999
55Q6,54999
55X85L,114999
55X90L,149999
65X75K,124999
65X85L,174999
65XR70 oled,259999
65XR80 oled,309999
32T5300,23999
50CU8000,63999
50AU7000,54999
65DU7010,89999
65DU8000,94999
75Q7F,159999
50S5k,37999
50 V6C,41999
55T6C,58999
55V6D,54999
65V6D,73999
S100,16999
S20R,36999
S400,37999
S40R,46999
S500,66999
S700,76999
S-60,76999
Partybox ULT900AC,99990
2.1 mk2,43999
500mk2,72999
800mk2,99999
1000mk2,124999
1300mk2,174999
130,56999
320,67999
520,98999
Boombox 4 Black,59999
Go Play 3 Black,37999
Go Play 3 Grey,37999
Studio 9,26999
WH-CH520,6999
SONY G300,7999
LG LHD 457 Home Theater,28999
PlayStation 5,99999
FIFA 2025 CD,4499
PS5 PADS Colored,9999
